participant_id	source_patient_id	sex	age	site_code
sub-002	2	M	18	G
sub-003	3	M	46	G
sub-005	5	M	27	G
sub-006	6	M	32	G
sub-008	8	M	44	G
sub-009	9	M	28	G
sub-010	10	F	15	G
sub-011	11	M	29	G
sub-012	12	F	38	G
sub-014	14	F	34	G
sub-015	15	M	33	G
sub-016	16	F	19	G
sub-017	17	F	51	G
sub-018	18	M	41	G
sub-020	20	M	35	G
sub-023	23	M	19	G
sub-024	24	F	26	G
sub-025	25	M	37	G
sub-026	26	M	17	G
sub-027	27	M	24	G
sub-028	28	F	30	G
sub-029	29	M	35	G
sub-030	30	F	32	G
sub-031	31	M	14	G
sub-033	33	M	33	G
sub-034	34	M	41	G
sub-036	36	F	15	G
sub-040	40	F	47	G
sub-041	41	F	32	G
sub-042	42	F	21	G
sub-043	43	M	24	G
sub-044	44	F	24	G
sub-045	45	M	51	G
sub-048	48	M	52	G
sub-049	49	M	48	G
sub-050	50	M	35	M
sub-052	52	M	47	M
sub-053	53	M	38	M
sub-054	54	F	43	M
sub-055	55	M	38	M
sub-056	56	M	36	M
sub-058	58	M	39	M
sub-059	59	M	42	M
sub-060	60	M	38	M
sub-061	61	F	20	M
sub-062	62	M	30	M
sub-063	63	F	57	M
sub-064	64	F	23	M
sub-065	65	M	33	M
sub-066	66	F	27	M
sub-067	67	F	38	M
sub-068	68	M	45	M
sub-069	69	F	36	M
sub-070	70	F	40	M
sub-071	71	M	29	M
sub-072	72	M	36	M
sub-073	73	F	38	M
sub-074	74	M	26	M
sub-075	75	F	42	M
sub-076	76	M	38	M
sub-077	77	F	55	M
sub-078	78	M	40	M
sub-080	80	M	30	M
sub-081	81	M	46	M
sub-082	82	F	38	M
sub-083	83	M	53	M
sub-085	85	F	25	M
sub-087	87	F	32	M
sub-088	88	M	21	M
sub-089	89	F	25	M
sub-090	90	F	22	M
