name	type	units	low_cutoff	high_cutoff	sampling_frequency	reference	status	status_description
t_4-t_5	SEEG	µV	n/a	n/a	512	bipolar	good	Channel with normal physiological activity from non-lesional tissue (source authors)
t_5-t_6	SEEG	µV	n/a	n/a	512	bipolar	good	Channel with normal physiological activity from non-lesional tissue (source authors)
t_6-t_7	SEEG	µV	n/a	n/a	512	bipolar	good	Channel with normal physiological activity from non-lesional tissue (source authors)
u_1-u_2	SEEG	µV	n/a	n/a	512	bipolar	good	Channel with normal physiological activity from non-lesional tissue (source authors)
f_1-f_2	SEEG	µV	n/a	n/a	512	bipolar	good	Channel with normal physiological activity from non-lesional tissue (source authors)
f_2-f_3	SEEG	µV	n/a	n/a	512	bipolar	good	Channel with normal physiological activity from non-lesional tissue (source authors)
f_3-f_4	SEEG	µV	n/a	n/a	512	bipolar	good	Channel with normal physiological activity from non-lesional tissue (source authors)
f_4-f_5	SEEG	µV	n/a	n/a	512	bipolar	good	Channel with normal physiological activity from non-lesional tissue (source authors)
f_5-f_6	SEEG	µV	n/a	n/a	512	bipolar	good	Channel with normal physiological activity from non-lesional tissue (source authors)
f_6-f_7	SEEG	µV	n/a	n/a	512	bipolar	good	Channel with normal physiological activity from non-lesional tissue (source authors)
f_10-f_11	SEEG	µV	n/a	n/a	512	bipolar	good	Channel with normal physiological activity from non-lesional tissue (source authors)
